label,concurrency,requests,req_per_s,audio_s_per_s,p50_s,p95_s,error_rate,device,compute
cpu-fp32-b1,1,37,0.6068488655891094,10.936695860929696,1.3745,3.1686199999999998,0.0,cpu,fp32
cpu-fp32-b1,2,37,0.5809307130100515,11.175332724514199,3.4223,5.706639999999999,0.0,cpu,fp32
cpu-fp32-b1,4,39,0.6027830035767743,11.026307629094216,6.6846,9.3634,0.0,cpu,fp32
cpu-fp32-b1,8,46,0.6271490077372839,11.061381524988589,12.365549999999999,16.0477,0.0,cpu,fp32
cpu-fp32-b1,16,51,0.6147452062012546,11.103973906027248,26.7296,29.38825,0.0,cpu,fp32
cpu-fp32-b1,32,4479,0.521488940703831,10.049532455605831,53.33715,70.16756000000001,0.9870506809555705,cpu,fp32
cpu-int8-b1,1,54,0.8809365344913721,16.791107129312326,1.06955,1.9121749999999997,0.0,cpu,int8
cpu-int8-b1,2,57,0.9226182291429512,16.278255191595463,2.2148,3.56896,0.0,cpu,int8
cpu-int8-b1,4,59,0.9006107387340615,16.608238955938788,4.2928,5.9499200000000005,0.0,cpu,int8
cpu-int8-b1,8,62,0.9013016558382362,16.38932745825641,8.920100000000001,10.739775,0.0,cpu,int8
cpu-int8-b1,16,72,0.9392684659466659,16.224075530064283,17.191899999999997,19.982045,0.0,cpu,int8
cpu-int8-b1,32,83,0.8705867561317436,16.70940236837192,35.6106,40.42288,0.0,cpu,int8
cuda-fp16-b1,1,190,3.1541761370650514,57.54943770418521,0.24075,0.639405,0.0,cuda,fp16
cuda-fp16-b1,2,191,3.1662251678322075,57.78014470005779,0.6371,1.1886999999999999,0.0,cuda,fp16
cuda-fp16-b1,4,198,3.2175136671132734,58.50283225394371,1.3143500000000001,1.84588,0.0,cuda,fp16
cuda-fp16-b1,8,198,3.1523542246988456,57.91124670172425,2.57835,3.60302,0.0,cuda,fp16
cuda-fp16-b1,16,209,3.2012400605791025,58.16572010300358,5.0352,5.87758,0.0,cuda,fp16
cuda-fp16-b1,32,226,3.224154334427445,58.67535756803233,9.8791,11.09895,0.0,cuda,fp16
cuda-fp16-b16,1,172,2.8499942085195284,52.32171809550838,0.27049999999999996,0.6791699999999999,0.0,cuda,fp16
cuda-fp16-b16,2,250,4.166256991245328,75.22603622409342,0.4715,0.798755,0.0,cuda,fp16
cuda-fp16-b16,4,288,4.724510205692467,86.71054345090774,0.87435,1.12065,0.0,cuda,fp16
cuda-fp16-b16,8,312,5.179377450095941,93.65074735822225,1.4913,1.8518499999999996,0.0,cuda,fp16
cuda-fp16-b16,16,337,5.469314234701066,99.95407090493062,3.127,3.52976,0.0,cuda,fp16
cuda-fp16-b16,32,342,5.379752303034879,98.06726877797443,5.918200000000001,6.353890000000001,0.0,cuda,fp16
cuda-fp16-b4,1,171,2.847906786321167,52.08951416701492,0.2726,0.6839,0.0,cuda,fp16
cuda-fp16-b4,2,232,3.845994447124676,70.46748726713962,0.55075,0.79457,0.0,cuda,fp16
cuda-fp16-b4,4,300,4.982039745829386,90.73274178305326,0.8771,1.0881,0.0,cuda,fp16
cuda-fp16-b4,8,308,5.035329049819496,91.2847446629853,1.6424500000000002,2.0362349999999996,0.0,cuda,fp16
cuda-fp16-b4,16,312,5.013715402375896,90.64079136346625,3.12485,3.740605,0.0,cuda,fp16
cuda-fp16-b4,32,328,4.977683893473768,91.00377734088877,6.3101,6.88823,0.0,cuda,fp16
cuda-fp16-b8,1,171,2.8479589635575913,52.09046851246926,0.2715,0.6844,0.0,cuda,fp16
cuda-fp16-b8,2,232,3.854512094730415,70.62355021326584,0.54825,0.787,0.0,cuda,fp16
cuda-fp16-b8,4,296,4.85253061350473,87.85921435968294,0.9028,1.1153499999999998,0.0,cuda,fp16
cuda-fp16-b8,8,320,5.302244488514507,96.61627292567339,1.5033,1.761605,0.0,cuda,fp16
cuda-fp16-b8,16,336,5.342729735391363,96.64412935209099,3.08985,3.26225,0.0,cuda,fp16
cuda-fp16-b8,32,351,5.349623020908873,98.35435858962363,5.9635,6.1182,0.0,cuda,fp16
cuda-fp32-b1,1,117,1.9499057582865633,36.16256887837542,0.3888,1.0030599999999998,0.0,cuda,fp32
cuda-fp32-b1,2,123,2.036123815434043,36.43524379983682,1.0006,1.86294,0.0,cuda,fp32
cuda-fp32-b1,4,123,2.024324816346456,36.40284068704621,2.098,2.95275,0.0,cuda,fp32
cuda-fp32-b1,8,127,1.971590461928843,36.443142011976605,4.0374,5.7228,0.0,cuda,fp32
cuda-fp32-b1,16,135,1.9771065635784442,36.50097524594013,8.1794,9.2648,0.0,cuda,fp32
cuda-fp32-b1,32,151,2.0053839948700363,36.39102603978246,15.7525,16.940649999999998,0.0,cuda,fp32
