t,device,compute_type,batch_size,queue_depth,in_flight
0.0,cpu,fp32,1,0,0
1.0,cpu,fp32,1,0,0
2.01,cpu,fp32,1,0,0
3.01,cpu,fp32,1,0,0
4.01,cpu,fp32,1,0,0
5.02,cpu,fp32,1,0,0
6.02,cpu,fp32,1,0,0
7.02,cpu,fp32,1,0,0
8.03,cpu,fp32,1,0,0
9.03,cpu,fp32,1,0,0
10.03,cpu,fp32,1,0,0
11.03,cpu,fp32,1,0,0
12.04,cpu,fp32,1,0,0
13.04,cpu,fp32,1,0,0
14.04,cpu,fp32,1,0,0
15.05,cpu,fp32,1,0,0
16.05,cpu,fp32,1,0,0
17.05,cpu,fp32,1,0,0
18.05,cpu,fp32,1,0,0
19.06,cpu,fp32,1,0,0
20.06,cpu,fp32,1,0,0
21.06,cpu,fp32,1,0,0
22.07,cpu,fp32,1,0,0
23.07,cpu,fp32,1,0,0
24.07,cpu,fp32,1,0,0
25.07,cpu,fp32,1,0,0
26.08,cpu,fp32,1,0,0
27.08,cpu,fp32,1,0,0
28.08,cpu,fp32,1,0,0
29.08,cpu,fp32,1,0,0
30.09,cpu,fp32,1,23,24
31.09,cpu,fp32,1,23,24
32.1,cpu,fp32,1,23,24
33.1,cpu,fp32,1,23,24
34.1,cpu,fp32,1,23,24
35.11,cpu,fp32,1,23,24
36.11,cpu,fp32,1,23,24
37.12,cpu,fp32,1,23,24
38.12,cpu,fp32,1,23,24
39.12,cpu,fp32,1,23,24
40.13,cpu,fp32,1,23,24
41.13,cpu,fp32,1,23,24
42.14,cpu,fp32,1,23,24
43.14,cpu,fp32,1,23,24
44.14,cpu,fp32,1,23,24
45.15,cpu,int8,1,23,24
46.15,cpu,int8,1,23,24
47.15,cpu,int8,1,23,24
48.15,cpu,int8,1,23,24
49.16,cpu,int8,1,23,24
50.16,cpu,int8,1,23,24
51.16,cpu,int8,1,23,24
52.17,cpu,int8,1,23,24
53.17,cpu,int8,1,23,24
54.17,cpu,int8,1,23,24
55.18,cpu,int8,1,23,24
56.18,cpu,int8,1,23,24
57.18,cpu,int8,1,23,24
58.19,cpu,int8,1,23,24
59.19,cpu,int8,1,23,24
60.19,cpu,int8,1,23,24
61.2,cpu,int8,1,23,24
62.2,cpu,int8,1,23,24
63.2,cpu,int8,1,23,24
64.21,cpu,int8,1,23,24
65.21,cpu,int8,1,23,24
66.21,cpu,int8,1,23,24
67.22,cpu,int8,1,23,24
68.22,cpu,int8,1,23,24
69.22,cpu,int8,1,23,24
70.23,cpu,int8,1,23,24
71.23,cpu,int8,1,23,24
72.23,cpu,int8,1,23,24
73.24,cpu,int8,1,23,24
74.24,cpu,int8,1,23,24
75.24,cpu,int8,1,23,24
76.25,cpu,int8,1,23,24
77.25,cpu,int8,1,23,24
78.25,cpu,int8,1,23,24
79.25,cpu,int8,1,23,24
80.26,cpu,int8,1,23,24
81.26,cpu,int8,1,23,24
82.27,cpu,int8,1,23,24
83.27,cpu,int8,1,23,24
84.27,cpu,int8,1,23,24
85.27,cpu,int8,1,23,24
86.28,cpu,int8,1,23,24
87.28,cpu,int8,1,23,24
88.28,cpu,int8,1,23,24
89.29,cpu,int8,1,23,24
90.29,cpu,int8,1,23,24
91.3,cpu,int8,1,23,24
92.3,cpu,int8,1,23,24
93.3,cpu,int8,1,23,24
94.3,cpu,int8,1,23,24
95.31,cpu,int8,1,23,24
96.31,cpu,int8,1,23,24
97.31,cpu,int8,1,23,24
98.32,cpu,int8,1,23,24
99.32,cpu,int8,1,23,24
100.32,cpu,int8,1,23,24
101.33,cpu,int8,1,23,24
102.33,cpu,int8,1,23,24
103.33,cpu,int8,1,23,24
104.33,cpu,int8,1,23,24
105.34,cpu,int8,1,23,24
106.34,cpu,int8,1,23,24
107.35,cpu,int8,1,23,24
108.35,cpu,int8,1,23,24
109.35,cpu,int8,1,23,24
110.35,cpu,int8,1,23,24
111.36,cpu,int8,1,23,24
112.36,cpu,int8,1,23,24
113.36,cpu,int8,1,23,24
114.37,cpu,int8,1,23,24
115.37,cpu,int8,1,23,24
116.37,cpu,int8,1,23,24
117.38,cpu,int8,1,23,24
118.38,cpu,int8,1,23,24
119.38,cpu,int8,1,23,24
120.39,cpu,int8,1,23,24
121.39,cpu,int8,1,23,24
122.39,cpu,int8,1,23,24
123.39,cpu,int8,1,23,24
124.4,cpu,int8,1,23,24
125.4,cpu,int8,1,23,24
126.4,cpu,int8,1,23,24
127.41,cpu,int8,1,23,24
128.41,cpu,int8,1,23,24
129.42,cpu,int8,1,23,24
130.42,cpu,int8,1,23,24
131.42,cpu,int8,1,23,24
132.43,cpu,int8,1,23,24
133.43,cpu,int8,1,23,24
134.43,cpu,int8,1,23,24
135.44,cpu,int8,1,23,24
136.44,cpu,int8,1,23,24
137.44,cpu,int8,1,23,24
138.45,cpu,int8,1,23,24
139.45,cpu,int8,1,23,24
140.45,cpu,int8,1,23,24
141.46,cpu,int8,1,23,24
142.46,cpu,int8,1,23,24
143.46,cpu,int8,1,23,24
144.46,cpu,int8,1,23,24
145.47,cpu,int8,1,23,24
146.47,cpu,int8,1,23,24
147.47,cpu,int8,1,23,24
148.48,cpu,int8,1,23,24
149.48,cpu,int8,1,23,24
150.48,cpu,int8,1,23,24
151.49,cpu,int8,1,22,23
152.49,cpu,int8,1,21,22
153.49,cpu,int8,1,20,21
154.49,cpu,int8,1,19,20
155.5,cpu,int8,1,18,19
156.5,cpu,int8,1,18,19
157.5,cpu,int8,1,17,18
158.51,cpu,int8,1,16,17
159.51,cpu,int8,1,15,16
160.51,cpu,int8,1,14,15
161.52,cpu,int8,1,13,14
162.52,cpu,int8,1,12,13
163.52,cpu,int8,1,11,12
164.52,cpu,int8,1,11,12
165.53,cpu,int8,1,10,11
166.53,cpu,int8,1,9,10
167.54,cpu,int8,1,8,9
168.54,cpu,int8,1,7,8
169.54,cpu,int8,1,6,7
170.55,cpu,int8,1,5,6
171.55,cpu,int8,1,4,5
172.55,cpu,int8,1,4,5
173.56,cpu,int8,1,3,4
174.56,cpu,int8,1,2,3
175.56,cpu,int8,1,1,2
176.57,cpu,int8,1,0,1
177.57,cpu,int8,1,0,0
178.57,cpu,int8,1,0,0
179.58,cpu,int8,1,0,0
180.58,cpu,int8,1,0,0
181.58,cpu,int8,1,0,0
182.58,cpu,int8,1,0,0
183.59,cpu,int8,1,0,0
184.59,cpu,int8,1,0,0
185.59,cpu,fp32,1,0,0
186.6,cpu,fp32,1,0,0
187.6,cpu,fp32,1,0,0
188.6,cpu,fp32,1,0,0
189.61,cpu,fp32,1,0,0
190.61,cpu,fp32,1,0,0
191.61,cpu,fp32,1,0,0
192.61,cpu,fp32,1,0,0
193.62,cpu,fp32,1,0,0
194.62,cpu,fp32,1,0,0
195.62,cpu,fp32,1,0,0
196.63,cpu,fp32,1,0,0
197.63,cpu,fp32,1,0,0
198.63,cpu,fp32,1,0,0
199.64,cpu,fp32,1,0,0
200.64,cpu,fp32,1,0,0
201.64,cpu,fp32,1,0,0
202.64,cpu,fp32,1,0,0
203.65,cpu,fp32,1,0,0
204.65,cpu,fp32,1,0,0
205.65,cpu,fp32,1,0,0
206.66,cpu,fp32,1,0,0
207.66,cpu,fp32,1,0,0
208.66,cpu,fp32,1,0,0
209.67,cpu,fp32,1,0,0
210.67,cpu,fp32,1,0,0
211.67,cpu,fp32,1,0,0
212.67,cpu,fp32,1,0,0
213.68,cpu,fp32,1,0,0
214.68,cpu,fp32,1,0,0
215.68,cpu,fp32,1,0,0
216.69,cpu,fp32,1,0,0
217.69,cpu,fp32,1,0,0
218.69,cpu,fp32,1,0,0
219.7,cpu,fp32,1,0,0
220.7,cpu,fp32,1,0,0
221.7,cpu,fp32,1,0,0
222.71,cpu,fp32,1,0,0
223.71,cpu,fp32,1,0,0
224.71,cpu,fp32,1,0,0
225.71,cpu,fp32,1,0,0
226.72,cpu,fp32,1,0,0
227.72,cpu,fp32,1,0,0
228.72,cpu,fp32,1,0,0
229.73,cpu,fp32,1,0,0
230.73,cpu,fp32,1,0,0
231.73,cpu,fp32,1,0,0
232.73,cpu,fp32,1,0,0
233.74,cpu,fp32,1,0,0
234.74,cpu,fp32,1,0,0
235.74,cpu,fp32,1,0,0
236.74,cpu,fp32,1,0,0
237.75,cpu,fp32,1,0,0
238.75,cpu,fp32,1,0,0
239.75,cpu,fp32,1,0,0
240.75,cpu,fp32,1,0,0
241.76,cpu,fp32,1,0,0
242.76,cpu,fp32,1,0,0
243.76,cpu,fp32,1,0,0
244.77,cpu,fp32,1,0,0
245.77,cpu,fp32,1,0,0
246.77,cpu,fp32,1,0,0
247.78,cpu,fp32,1,0,0
248.78,cpu,fp32,1,0,0
249.78,cpu,fp32,1,0,0
250.78,cpu,fp32,1,0,0
251.79,cpu,fp32,1,0,0
252.79,cpu,fp32,1,0,0
253.79,cpu,fp32,1,0,0
254.8,cpu,fp32,1,0,0
255.8,cpu,fp32,1,0,0
256.8,cpu,fp32,1,0,0
257.8,cpu,fp32,1,0,0
258.81,cpu,fp32,1,0,0
259.81,cpu,fp32,1,0,0
260.81,cpu,fp32,1,0,0
261.82,cpu,fp32,1,0,0
262.82,cpu,fp32,1,0,0
263.82,cpu,fp32,1,0,0
264.83,cpu,fp32,1,0,0
265.83,cpu,fp32,1,0,0
266.83,cpu,fp32,1,0,0
