audio_path,reference_text,speaker,sex,age,dialect,source,condition
E:\IWSLT2026_Quechua_data\que_spa_unconstrained\train\wav\quechua000000.wav,wañuchisunchu kay suwakunata,MANUEL,,,quechua sureño,"siminchik (IWSLT2026/que_spa_unconstrained, Cardenas et al. 2018)",radio
E:\IWSLT2026_Quechua_data\que_spa_unconstrained\train\wav\quechua000070.wav,manas haykappas ayllupuraqa takanakuqtaqchu chiqninakuqtaqchu kasqa,MANUEL,,,quechua sureño,"siminchik (IWSLT2026/que_spa_unconstrained, Cardenas et al. 2018)",radio
E:\IWSLT2026_Quechua_data\que_spa_unconstrained\train\wav\quechua000140.wav,paykunapas sinchita llakikuspanku sunqunkuta nanachikuspankus chay suwakunataqa ñakanku,MANUEL,,,quechua sureño,"siminchik (IWSLT2026/que_spa_unconstrained, Cardenas et al. 2018)",radio
E:\IWSLT2026_Quechua_data\que_spa_unconstrained\train\wav\quechua000210.wav,suwakunaqa kay kutiqa manam yachasqanku hinaqa abancay llaqtamanchu kutipusqankuqa aswan wayquntakama taqaqa ayllu wichayman puririsqankuqa,ANTONIO,,,quechua sureño,"siminchik (IWSLT2026/que_spa_unconstrained, Cardenas et al. 2018)",radio
E:\IWSLT2026_Quechua_data\que_spa_unconstrained\train\wav\quechua000280.wav,chisi tuta musquyniypim huk raymipi yuraq pañiyluyta maywiykuspa sumaqllataña tusuykuchkasqani,ANTONIO,,,quechua sureño,"siminchik (IWSLT2026/que_spa_unconstrained, Cardenas et al. 2018)",radio
E:\IWSLT2026_Quechua_data\que_spa_unconstrained\train\wav\quechua000350.wav,hinallataq pachamamanchikwan rimarinku,CELIA,,,quechua sureño,"siminchik (IWSLT2026/que_spa_unconstrained, Cardenas et al. 2018)",radio
E:\IWSLT2026_Quechua_data\que_spa_unconstrained\train\wav\quechua000420.wav,uña uywachakunatapas manam yupaykachachkanachu,CELIA,,,quechua sureño,"siminchik (IWSLT2026/que_spa_unconstrained, Cardenas et al. 2018)",radio
E:\IWSLT2026_Quechua_data\que_spa_unconstrained\train\wav\quechua000490.wav,quchamanta kusataq turay chikaqa may llakiriy imarayku chay karichkanman chiqataqchu kay pacha unqusqa chaychu kariskan qillichu kariskan imaraykun chay mana turu hina kapuskanman pisiyapuskanman kay unu nisqa turay imachus kay naturaleza nirisunman kaynapuni arí panachay qam yachanki hina turu aveces urqukunapas,RICARDO,,,quechua sureño,"siminchik (IWSLT2026/que_spa_unconstrained, Cardenas et al. 2018)",radio
E:\IWSLT2026_Quechua_data\que_spa_unconstrained\train\wav\quechua000560.wav,kay maytaq arí chaqra rurasqanchik ña wiñarimuchkanña chayta imayntataq turachay harqasunman na haqarsuwanqa nukuwata nisqa chaytacha rurasunman chaqra patakunapi hinatachu pero manaya a vecesqa manayá chayqa mana willakuspa fuerteta hamun qasaqa panay allinpuni turachay kunanqa ichaqa willarikamuy ima willakuy,ANA,,,quechua sureño,"siminchik (IWSLT2026/que_spa_unconstrained, Cardenas et al. 2018)",radio
E:\IWSLT2026_Quechua_data\que_spa_unconstrained\valid\wav\quechua000630.wav,qillqayta kunan punchaw willamusakis hayna punchaw waqamullakitaq panay norma y panay nely qamkunapas qamkunapas kankis pisiparisqa kasqa centralmanta kachkallantaq organización san francisco laves yanahuara mollemara,ESTEBAN,,,quechua sureño,"siminchik (IWSLT2026/que_spa_unconstrained, Cardenas et al. 2018)",radio
E:\IWSLT2026_Quechua_data\que_spa_synthetic_translation\train\wav\quechua_07287.wav,imaymanamanta panelmanta huk trabajo rurarikapunqa chaykunamantawan carreteramanta chaykunamanta paykuna uyarichkanku napaykurikuni llapan uyarikkunata diez chunka horasta paykuna tomananku caserioman chaytan ñuqa willarikuyta munaskani panay kusami turay chayllachu karichkan napaykuchu pikunapaq napaykullinitaq llapan uyariqkunapaq doctor,FELICIA,,,,"huqariq (IWSLT2026/que_spa_synthetic_translation, Zevallos et al. 2022)",
E:\IWSLT2026_Quechua_data\que_spa_synthetic_translation\train\wav\quechua_03328.wav,manam pay ñuqanchikta qunqarquwanchikchu palabranmi nin ñuqam qamkunawan kachkani kunallanmi qam kachkanki unqusqa y doctorkunam niykusunki manañam qampaq kanchu esperanza y confanzayki tukurqun mana,MIGUEL,,,,"huqariq (IWSLT2026/que_spa_synthetic_translation, Zevallos et al. 2022)",
E:\IWSLT2026_Quechua_data\que_spa_synthetic_translation\train\wav\quechua_02195.wav,hachawanqukuna manam atinkuchu kikinkupaq utaqhuk wakin runakunapaqpas qullqita masqaspa llamk'ayta hinaspa manallataqmi atikunchu sapanchasqa huñunakuykunapi llamk'aytapas,LUCIA,,,,"huqariq (IWSLT2026/que_spa_synthetic_translation, Zevallos et al. 2022)",
E:\IWSLT2026_Quechua_data\que_spa_synthetic_translation\train\wav\quechua_07934.wav,haqay mañazo chiqanmanta huk sipascha chinkarqapusqa arí chay rayku kay pacha paqariypi kay takiyta maskarimuni qankunapaqmi kayqa sipaschakuna sipas waynakuna kay takita ancha sumaqta uyarimuychik hinaspa ama tayta mamakichista waqachiychischu chikaqa anchata uyarimuychik kay pacha paqariypi sumaq takita haku,FELICIA,,,,"huqariq (IWSLT2026/que_spa_synthetic_translation, Zevallos et al. 2022)",
E:\IWSLT2026_Quechua_data\que_spa_synthetic_translation\train\wav\quechua_02579.wav,warmikuna wawqiykuna panaykuna wañukapun imanaptinchu rikuy pikunachus haber chay mikhunatas rikuy waykunkuman karqan imanaptinchus haber muskhiykunkumansi karqan rikuy gases tóxicos chayta derrepente gastapascha wawqiykuna panaykuna kay wasi ukupi kay juliaca llaqtapi haynatam riki willakuyta chayachimuanchik imaraykuchus iskay waykuq mamakunam wañusqa tarikunku kikin wasinkupi maypitaq kay colonia,MARCOS,,,,"huqariq (IWSLT2026/que_spa_synthetic_translation, Zevallos et al. 2022)",
E:\IWSLT2026_Quechua_data\que_spa_synthetic_translation\train\wav\quechua_07457.wav,an chay llaqta municipio centro poblado chayman qamunanku a partir de las doce chaypi sayasqa kachkanqa chay apakunaku kachkanqa turnunpi sapakama usuarioman an chayllatan paney paqarinpaq waqarikuchkani usuarios de errigación puka chuta qipallapiña ñuqapas huk takichata churarimuwan chayta wikchu centro pobladopi ayarimusaykichik kuna instanti i huk takiychata,FELICIA,,,,"huqariq (IWSLT2026/que_spa_synthetic_translation, Zevallos et al. 2022)",
E:\IWSLT2026_Quechua_data\que_spa_synthetic_translation\train\wav\quechua_01829.wav,chay raymi p'unchawpim llapa ayllukunapi muchuyta warakanchik wakinmi ninku mamacham muchuyta warakanqa nispa,MARIA,,,,"huqariq (IWSLT2026/que_spa_synthetic_translation, Zevallos et al. 2022)",
E:\IWSLT2026_Quechua_data\que_spa_synthetic_translation\train\wav\quechua_00029.wav,chay rimaq maqtapaqqa winsislaw tumayllas sutinqa kasqa marcelino tumayllapa churin qisari ayllumanta,MANUEL,,,,"huqariq (IWSLT2026/que_spa_synthetic_translation, Zevallos et al. 2022)",
E:\IWSLT2026_Quechua_data\que_spa_synthetic_translation\train\wav\quechua_00533.wav,rimaykunapiqa tarisunchik kimsa ruraykunata,ALEXANDRA,,,,"huqariq (IWSLT2026/que_spa_synthetic_translation, Zevallos et al. 2022)",
E:\IWSLT2026_Quechua_data\que_spa_synthetic_translation\train\wav\quechua_01309.wav,kikinchikmanta taqiyqa sasam wasillapi waqaychaspaqa makinchikpi kasqan raykum imapaqpas hap'irqunchik,MARTA,,,,"huqariq (IWSLT2026/que_spa_synthetic_translation, Zevallos et al. 2022)",
E:\IWSLT2026_Quechua_data\que_spa_synthetic_translation\train\wav\quechua_03068.wav,y chaynallataq señorninchik jesucristo profeta dios taytapa palabranta willakun si paykuna willakun hinaptinqa ñuqanchikunapas chaypaqmi qayasqa kanchik y kay dios taytapa palabran willakuyqa llapallanchikpaqmi wawakunapaq mozo sipas,MIGUEL,,,,"huqariq (IWSLT2026/que_spa_synthetic_translation, Zevallos et al. 2022)",
E:\IWSLT2026_Quechua_data\que_spa_synthetic_translation\train\wav\quechua_03204.wav,haqay chile suyupi maytaq kay nisunmanchari hinallataq arí qhiyka maypichus arí chaqrakunataq hina imiyminata arí qhayka anchata kay rupay qhayka kay nina ruphaykapuchkan nispan arí qhayka willarqakamun kay ministro de interior chile chhikanmantapacha kayqa kunankha puririsunchik maykama hachay lampa laqtakama turachanchik pay willaramuasun turiy mauro allin punchaw kachun ima willakuy kay llaqtamantapacha,MIGUEL,,,,"huqariq (IWSLT2026/que_spa_synthetic_translation, Zevallos et al. 2022)",
E:\IWSLT2026_Quechua_data\que_spa_synthetic_translation\train\wav\quechua_07759.wav,rakunamanta rimarinchis a maytaq nisunmancha arí ñañachay nida anchata qapiqaykuna qamri arí ñuqapas allintam yachariykuni aswanta manam kay wayra imayna imaynach chis chiqaq wayrakuna manam chulla wayrayach qapikun llapanta nispa nirqani kunanqa allintañam yachaykuni tawa tutamanta pichqa chunka tawayuq yupayña inti watananchis ñam chinkaripusunña kaykunamanta rimaykushaspa maypi ñawpaqpi pikunataq sumaq napaykuy pikunachus llamkarikur,FELICIA,,,,"huqariq (IWSLT2026/que_spa_synthetic_translation, Zevallos et al. 2022)",
E:\IWSLT2026_Quechua_data\que_spa_synthetic_translation\train\wav\quechua_01017.wav,mankuqapaqmi waqyarqan pachákamapta kay hinata,JORGE,,,,"huqariq (IWSLT2026/que_spa_synthetic_translation, Zevallos et al. 2022)",
E:\IWSLT2026_Quechua_data\que_spa_synthetic_translation\train\wav\quechua_07193.wav,rosa ticona mamani victoria cepreniana torres y limsa kulki chaykuna presente suyarikunakichik wakin qala chay mana listapi lluqsiqkuna suyarikamunakis aplicativopi maskarichimunakis anchayta comunicarikusaq ñañay kusami ñañay tupananchikkam maytaq kimsa tutamanta pisqa chunka suqtayuq yupayna inti watananchik,FELICIA,,,,"huqariq (IWSLT2026/que_spa_synthetic_translation, Zevallos et al. 2022)",
E:\IWSLT2026_Quechua_data\que_spa_synthetic_translation\train\wav\quechua_05114.wav,kaypi niwanchik gloria al señor ankar sunqu ankar ankarqa huk kichka hina qamkuna riqsinkichikmi tankarta gloria al señor tankar sunqu ukupi nina rawrachkasqa gloria al señor hinaspa chayta qhawaykuptinmi chayllamanta chay tankar ukumanta dios rimaykamurqan moisesta,MARCOS,,,,"huqariq (IWSLT2026/que_spa_synthetic_translation, Zevallos et al. 2022)",
E:\IWSLT2026_Quechua_data\que_spa_synthetic_translation\train\wav\quechua_06782.wav,kaypiña san anton llaqtapi karikuskanchik rimaykusun kaypi mayta dios yayanchik yupaychana wasipi karichkan riki padre pay willaykamasun ayna rimaykuna wawqi panaykuna karichkan kay agosto killapi kasarakukuykunan hinantin tiqsimuyukunapi hina hinaspapas wayra killapin,FELICIA,,,,"huqariq (IWSLT2026/que_spa_synthetic_translation, Zevallos et al. 2022)",
E:\IWSLT2026_Quechua_data\que_spa_synthetic_translation\train\wav\quechua_00457.wav,tukupayninman chayaspataqmi yachasqanchikta qatipasun ayllunchikpa yachayninmanhina chaynallataq yachay wasipi tupunapaq churasqanchikmanhinapas,ALEXANDRA,,,,"huqariq (IWSLT2026/que_spa_synthetic_translation, Zevallos et al. 2022)",
E:\IWSLT2026_Quechua_data\que_spa_synthetic_translation\train\wav\quechua_01143.wav,allin yachaq apullim kay chaninchayta atinman kay qillqa hunt'achiq kachkan ministerio de transportes y comunicaciones,JORGE,,,,"huqariq (IWSLT2026/que_spa_synthetic_translation, Zevallos et al. 2022)",
E:\IWSLT2026_Quechua_data\que_spa_synthetic_translation\train\wav\quechua_05025.wav,rantisqa ya y chay panachanchik kunan mana paganchu kunankama mañakuchkan huk panachanchik aveces llakipaq waqakuypaq ripun hinaptinsi mana kayllapi wakllapi kayllañam faltan wakllañam faltan tukuypi muyuchimunku muyuchimunku nose imaynañach kay ukupi llamkanku wawqiy paniykuna señor alcalde narciso campos chaynatachu llamkachinki kay runakunata kay municipalidad provincial andahuaylas ukupi pero imaynanpim chay,MARCOS,,,,"huqariq (IWSLT2026/que_spa_synthetic_translation, Zevallos et al. 2022)",
